"country_code","country_name","country_border_code","country_border_name"
"AD","Andorra","FR","France"
"AD","Andorra","ES","Spain"
"AE","United Arab Emirates","OM","Oman"
"AE","United Arab Emirates","SA","Saudi Arabia"
"AF","Afghanistan","CN","China"
"AF","Afghanistan","IR","Iran"
"AF","Afghanistan","PK","Pakistan"
"AF","Afghanistan","TJ","Tajikistan"
"AF","Afghanistan","TM","Turkmenistan"
"AF","Afghanistan","UZ","Uzbekistan"
"AG","Antigua and Barbuda","",""
"AI","Anguilla","",""
"AL","Albania","GR","Greece"
"AL","Albania","ME","Montenegro"
"AL","Albania","MK","North Macedonia"
"AL","Albania","RS","Serbia"
"AM","Armenia","AZ","Azerbaijan"
"AM","Armenia","GE","Georgia"
"AM","Armenia","IR","Iran"
"AM","Armenia","TR","Turkey"
"AO","Angola","CG","Congo"
"AO","Angola","CD","Democratic Republic of the Congo"
"AO","Angola","NA","Namibia"
"AO","Angola","ZM","Zambia"
"AQ","Antarctica","",""
"AR","Argentina","BO","Bolivia"
"AR","Argentina","BR","Brazil"
"AR","Argentina","CL","Chile"
"AR","Argentina","PY","Paraguay"
"AR","Argentina","UY","Uruguay"
"AS","American Samoa","",""
"AT","Austria","CZ","Czechia"
"AT","Austria","DE","Germany"
"AT","Austria","HU","Hungary"
"AT","Austria","IT","Italy"
"AT","Austria","LI","Liechtenstein"
"AT","Austria","SK","Slovakia"
"AT","Austria","SI","Slovenia"
"AT","Austria","CH","Switzerland"
"AU","Australia","",""
"AW","Aruba","",""
"AX","Aland Islands","",""
"AZ","Azerbaijan","AM","Armenia"
"AZ","Azerbaijan","GE","Georgia"
"AZ","Azerbaijan","IR","Iran"
"AZ","Azerbaijan","RU","Russia"
"AZ","Azerbaijan","TR","Turkey"
"BA","Bosnia and Herzegovina","HR","Croatia"
"BA","Bosnia and Herzegovina","ME","Montenegro"
"BA","Bosnia and Herzegovina","RS","Serbia"
"BB","Barbados","",""
"BD","Bangladesh","IN","India"
"BD","Bangladesh","MM","Myanmar"
"BE","Belgium","FR","France"
"BE","Belgium","DE","Germany"
"BE","Belgium","LU","Luxembourg"
"BE","Belgium","NL","Netherlands"
"BF","Burkina Faso","BJ","Benin"
"BF","Burkina Faso","CI","Cote d'Ivoire"
"BF","Burkina Faso","GH","Ghana"
"BF","Burkina Faso","ML","Mali"
"BF","Burkina Faso","NE","Niger"
"BF","Burkina Faso","TG","Togo"
"BG","Bulgaria","GR","Greece"
"BG","Bulgaria","MK","North Macedonia"
"BG","Bulgaria","RO","Romania"
"BG","Bulgaria","RS","Serbia"
"BG","Bulgaria","TR","Turkey"
"BH","Bahrain","",""
"BI","Burundi","CD","Democratic Republic of the Congo"
"BI","Burundi","RW","Rwanda"
"BI","Burundi","TZ","Tanzania"
"BJ","Benin","BF","Burkina Faso"
"BJ","Benin","NE","Niger"
"BJ","Benin","NG","Nigeria"
"BJ","Benin","TG","Togo"
"BL","Saint Barthelemy","",""
"BM","Bermuda","",""
"BN","Brunei Darussalam","MY","Malaysia"
"BO","Bolivia","AR","Argentina"
"BO","Bolivia","BR","Brazil"
"BO","Bolivia","CL","Chile"
"BO","Bolivia","PY","Paraguay"
"BO","Bolivia","PE","Peru"
"BQ","Bonaire, Sint Eustatius and Saba","",""
"BR","Brazil","AR","Argentina"
"BR","Brazil","BO","Bolivia"
"BR","Brazil","CO","Colombia"
"BR","Brazil","GF","French Guiana"
"BR","Brazil","GY","Guyana"
"BR","Brazil","PY","Paraguay"
"BR","Brazil","PE","Peru"
"BR","Brazil","SR","Suriname"
"BR","Brazil","UY","Uruguay"
"BR","Brazil","VE","Venezuela"
"BS","Bahamas","",""
"BT","Bhutan","CN","China"
"BT","Bhutan","IN","India"
"BV","Bouvet Island","",""
"BW","Botswana","NA","Namibia"
"BW","Botswana","ZA","South Africa"
"BW","Botswana","ZM","Zambia"
"BW","Botswana","ZW","Zimbabwe"
"BY","Belarus","LV","Latvia"
"BY","Belarus","LT","Lithuania"
"BY","Belarus","PL","Poland"
"BY","Belarus","RU","Russia"
"BY","Belarus","UA","Ukraine"
"BZ","Belize","GT","Guatemala"
"BZ","Belize","MX","Mexico"
"CA","Canada","US","United States of America"
"CC","Cocos (Keeling) Islands","",""
"CD","Democratic Republic of the Congo","BI","Burundi"
"CD","Democratic Republic of the Congo","CF","Central African Republic"
"CD","Democratic Republic of the Congo","CG","Congo"
"CD","Democratic Republic of the Congo","RW","Rwanda"
"CD","Democratic Republic of the Congo","SS","South Sudan"
"CD","Democratic Republic of the Congo","TZ","Tanzania"
"CD","Democratic Republic of the Congo","UG","Uganda"
"CD","Democratic Republic of the Congo","ZM","Zambia"
"CF","Central African Republic","CM","Cameroon"
"CF","Central African Republic","TD","Chad"
"CF","Central African Republic","CG","Congo"
"CF","Central African Republic","CD","Democratic Republic of the Congo"
"CF","Central African Republic","SS","South Sudan"
"CF","Central African Republic","SD","Sudan"
"CG","Congo","AO","Angola"
"CG","Congo","CM","Cameroon"
"CG","Congo","CF","Central African Republic"
"CG","Congo","CD","Democratic Republic of the Congo"
"CG","Congo","GA","Gabon"
"CH","Switzerland","AT","Austria"
"CH","Switzerland","FR","France"
"CH","Switzerland","DE","Germany"
"CH","Switzerland","IT","Italy"
"CH","Switzerland","LI","Liechtenstein"
"CI","Cote d'Ivoire","BF","Burkina Faso"
"CI","Cote d'Ivoire","GH","Ghana"
"CI","Cote d'Ivoire","GN","Guinea"
"CI","Cote d'Ivoire","LR","Liberia"
"CI","Cote d'Ivoire","ML","Mali"
"CK","Cook Islands","",""
"CL","Chile","AR","Argentina"
"CL","Chile","BO","Bolivia"
"CL","Chile","PE","Peru"
"CM","Cameroon","CF","Central African Republic"
"CM","Cameroon","TD","Chad"
"CM","Cameroon","CG","Congo"
"CM","Cameroon","GQ","Equatorial Guinea"
"CM","Cameroon","GA","Gabon"
"CM","Cameroon","NG","Nigeria"
"CN","China","AF","Afghanistan"
"CN","China","BT","Bhutan"
"CN","China","HK","Hong Kong"
"CN","China","IN","India"
"CN","China","KZ","Kazakhstan"
"CN","China","KP","North Korea"
"CN","China","KG","Kyrgyzstan"
"CN","China","LA","Laos"
"CN","China","MO","Macao"
"CN","China","MN","Mongolia"
"CN","China","MM","Myanmar"
"CN","China","NP","Nepal"
"CN","China","PK","Pakistan"
"CN","China","RU","Russia"
"CN","China","TJ","Tajikistan"
"CN","China","VN","Vietnam"
"CO","Colombia","BR","Brazil"
"CO","Colombia","EC","Ecuador"
"CO","Colombia","PA","Panama"
"CO","Colombia","PE","Peru"
"CO","Colombia","VE","Venezuela"
"CR","Costa Rica","NI","Nicaragua"
"CR","Costa Rica","PA","Panama"
"CU","Cuba","",""
"CV","Cabo Verde","",""
"CW","Curacao","",""
"CX","Christmas Island","",""
"CY","Cyprus","",""
"CZ","Czechia","AT","Austria"
"CZ","Czechia","DE","Germany"
"CZ","Czechia","PL","Poland"
"CZ","Czechia","SK","Slovakia"
"DE","Germany","AT","Austria"
"DE","Germany","BE","Belgium"
"DE","Germany","CZ","Czechia"
"DE","Germany","DK","Denmark"
"DE","Germany","FR","France"
"DE","Germany","LU","Luxembourg"
"DE","Germany","NL","Netherlands"
"DE","Germany","PL","Poland"
"DE","Germany","CH","Switzerland"
"DJ","Djibouti","ER","Eritrea"
"DJ","Djibouti","ET","Ethiopia"
"DJ","Djibouti","SO","Somalia"
"DK","Denmark","DE","Germany"
"DM","Dominica","",""
"DO","Dominican Republic","HT","Haiti"
"DZ","Algeria","LY","Libya"
"DZ","Algeria","ML","Mali"
"DZ","Algeria","MR","Mauritania"
"DZ","Algeria","MA","Morocco"
"DZ","Algeria","NE","Niger"
"DZ","Algeria","TN","Tunisia"
"DZ","Algeria","EH","Western Sahara"
"EC","Ecuador","CO","Colombia"
"EC","Ecuador","PE","Peru"
"EE","Estonia","LV","Latvia"
"EE","Estonia","RU","Russia"
"EG","Egypt","IL","Israel"
"EG","Egypt","LY","Libya"
"EG","Egypt","PS","Palestine"
"EG","Egypt","SD","Sudan"
"EH","Western Sahara","DZ","Algeria"
"EH","Western Sahara","MR","Mauritania"
"EH","Western Sahara","MA","Morocco"
"ER","Eritrea","DJ","Djibouti"
"ER","Eritrea","ET","Ethiopia"
"ER","Eritrea","SD","Sudan"
"ES","Spain","AD","Andorra"
"ES","Spain","FR","France"
"ES","Spain","GI","Gibraltar"
"ES","Spain","MA","Morocco"
"ES","Spain","PT","Portugal"
"ET","Ethiopia","DJ","Djibouti"
"ET","Ethiopia","ER","Eritrea"
"ET","Ethiopia","KE","Kenya"
"ET","Ethiopia","SO","Somalia"
"ET","Ethiopia","SS","South Sudan"
"ET","Ethiopia","SD","Sudan"
"FI","Finland","NO","Norway"
"FI","Finland","RU","Russia"
"FI","Finland","SE","Sweden"
"FJ","Fiji","",""
"FK","Falkland Islands (Malvinas)","",""
"FM","Micronesia (Federated States of)","",""
"FO","Faroe Islands","",""
"FR","France","AD","Andorra"
"FR","France","BE","Belgium"
"FR","France","DE","Germany"
"FR","France","IT","Italy"
"FR","France","LU","Luxembourg"
"FR","France","MC","Monaco"
"FR","France","ES","Spain"
"FR","France","CH","Switzerland"
"GA","Gabon","CM","Cameroon"
"GA","Gabon","CG","Congo"
"GA","Gabon","GQ","Equatorial Guinea"
"GB","United Kingdom","IE","Ireland"
"GD","Grenada","",""
"GE","Georgia","AM","Armenia"
"GE","Georgia","AZ","Azerbaijan"
"GE","Georgia","RU","Russia"
"GE","Georgia","TR","Turkey"
"GF","French Guiana","BR","Brazil"
"GF","French Guiana","SR","Suriname"
"GG","Guernsey","",""
"GH","Ghana","BF","Burkina Faso"
"GH","Ghana","CI","Cote d'Ivoire"
"GH","Ghana","TG","Togo"
"GI","Gibraltar","ES","Spain"
"GL","Greenland","",""
"GM","Gambia","SN","Senegal"
"GN","Guinea","CI","Cote d'Ivoire"
"GN","Guinea","GW","Guinea-Bissau"
"GN","Guinea","LR","Liberia"
"GN","Guinea","ML","Mali"
"GN","Guinea","SN","Senegal"
"GN","Guinea","SL","Sierra Leone"
"GP","Guadeloupe","",""
"GQ","Equatorial Guinea","CM","Cameroon"
"GQ","Equatorial Guinea","GA","Gabon"
"GR","Greece","AL","Albania"
"GR","Greece","BG","Bulgaria"
"GR","Greece","MK","North Macedonia"
"GR","Greece","TR","Turkey"
"GS","South Georgia and the South Sandwich Islands","",""
"GT","Guatemala","BZ","Belize"
"GT","Guatemala","SV","El Salvador"
"GT","Guatemala","HN","Honduras"
"GT","Guatemala","MX","Mexico"
"GU","Guam","",""
"GW","Guinea-Bissau","GN","Guinea"
"GW","Guinea-Bissau","SN","Senegal"
"GY","Guyana","BR","Brazil"
"GY","Guyana","SR","Suriname"
"GY","Guyana","VE","Venezuela"
"HK","Hong Kong","CN","China"
"HM","Heard Island and McDonald Islands","",""
"HN","Honduras","SV","El Salvador"
"HN","Honduras","GT","Guatemala"
"HN","Honduras","NI","Nicaragua"
"HR","Croatia","BA","Bosnia and Herzegovina"
"HR","Croatia","HU","Hungary"
"HR","Croatia","ME","Montenegro"
"HR","Croatia","RS","Serbia"
"HR","Croatia","SI","Slovenia"
"HT","Haiti","DO","Dominican Republic"
"HU","Hungary","AT","Austria"
"HU","Hungary","HR","Croatia"
"HU","Hungary","RO","Romania"
"HU","Hungary","RS","Serbia"
"HU","Hungary","SK","Slovakia"
"HU","Hungary","SI","Slovenia"
"HU","Hungary","UA","Ukraine"
"ID","Indonesia","MY","Malaysia"
"ID","Indonesia","PG","Papua New Guinea"
"ID","Indonesia","TL","Timor-Leste"
"IE","Ireland","GB","United Kingdom"
"IL","Israel","EG","Egypt"
"IL","Israel","JO","Jordan"
"IL","Israel","LB","Lebanon"
"IL","Israel","PS","Palestine"
"IL","Israel","SY","Syria"
"IM","Isle of Man","",""
"IN","India","BD","Bangladesh"
"IN","India","BT","Bhutan"
"IN","India","CN","China"
"IN","India","MM","Myanmar"
"IN","India","NP","Nepal"
"IN","India","PK","Pakistan"
"IO","British Indian Ocean Territory","",""
"IQ","Iraq","IR","Iran"
"IQ","Iraq","JO","Jordan"
"IQ","Iraq","KW","Kuwait"
"IQ","Iraq","SA","Saudi Arabia"
"IQ","Iraq","SY","Syria"
"IQ","Iraq","TR","Turkey"
"IR","Iran","AF","Afghanistan"
"IR","Iran","AM","Armenia"
"IR","Iran","AZ","Azerbaijan"
"IR","Iran","IQ","Iraq"
"IR","Iran","PK","Pakistan"
"IR","Iran","TR","Turkey"
"IR","Iran","TM","Turkmenistan"
"IS","Iceland","",""
"IT","Italy","AT","Austria"
"IT","Italy","FR","France"
"IT","Italy","SM","San Marino"
"IT","Italy","SI","Slovenia"
"IT","Italy","CH","Switzerland"
"IT","Italy","VA","Holy See"
"JE","Jersey","",""
"JM","Jamaica","",""
"JO","Jordan","IQ","Iraq"
"JO","Jordan","IL","Israel"
"JO","Jordan","PS","Palestine"
"JO","Jordan","SA","Saudi Arabia"
"JO","Jordan","SY","Syria"
"JP","Japan","",""
"KE","Kenya","ET","Ethiopia"
"KE","Kenya","SO","Somalia"
"KE","Kenya","SS","South Sudan"
"KE","Kenya","TZ","Tanzania"
"KE","Kenya","UG","Uganda"
"KG","Kyrgyzstan","CN","China"
"KG","Kyrgyzstan","KZ","Kazakhstan"
"KG","Kyrgyzstan","TJ","Tajikistan"
"KG","Kyrgyzstan","UZ","Uzbekistan"
"KH","Cambodia","LA","Laos"
"KH","Cambodia","TH","Thailand"
"KH","Cambodia","VN","Vietnam"
"KI","Kiribati","",""
"KM","Comoros","",""
"KN","Saint Kitts and Nevis","",""
"KP","North Korea","CN","China"
"KP","North Korea","KR","South Korea"
"KP","North Korea","RU","Russia"
"KR","South Korea","KP","North Korea"
"KW","Kuwait","IQ","Iraq"
"KW","Kuwait","SA","Saudi Arabia"
"KY","Cayman Islands","",""
"KZ","Kazakhstan","CN","China"
"KZ","Kazakhstan","KG","Kyrgyzstan"
"KZ","Kazakhstan","RU","Russia"
"KZ","Kazakhstan","TM","Turkmenistan"
"KZ","Kazakhstan","UZ","Uzbekistan"
"LA","Laos","CN","China"
"LA","Laos","KH","Cambodia"
"LA","Laos","MM","Myanmar"
"LA","Laos","TH","Thailand"
"LA","Laos","VN","Vietnam"
"LB","Lebanon","IL","Israel"
"LB","Lebanon","SY","Syria"
"LC","Saint Lucia","",""
"LI","Liechtenstein","AT","Austria"
"LI","Liechtenstein","CH","Switzerland"
"LK","Sri Lanka","",""
"LR","Liberia","CI","Cote d'Ivoire"
"LR","Liberia","GN","Guinea"
"LR","Liberia","SL","Sierra Leone"
"LS","Lesotho","ZA","South Africa"
"LT","Lithuania","BY","Belarus"
"LT","Lithuania","LV","Latvia"
"LT","Lithuania","PL","Poland"
"LT","Lithuania","RU","Russia"
"LU","Luxembourg","BE","Belgium"
"LU","Luxembourg","DE","Germany"
"LU","Luxembourg","FR","France"
"LV","Latvia","BY","Belarus"
"LV","Latvia","EE","Estonia"
"LV","Latvia","LT","Lithuania"
"LV","Latvia","RU","Russia"
"LY","Libya","DZ","Algeria"
"LY","Libya","TD","Chad"
"LY","Libya","EG","Egypt"
"LY","Libya","NE","Niger"
"LY","Libya","SD","Sudan"
"LY","Libya","TN","Tunisia"
"MA","Morocco","DZ","Algeria"
"MA","Morocco","ES","Spain"
"MA","Morocco","EH","Western Sahara"
"MC","Monaco","FR","France"
"MD","Moldova","RO","Romania"
"MD","Moldova","UA","Ukraine"
"ME","Montenegro","AL","Albania"
"ME","Montenegro","BA","Bosnia and Herzegovina"
"ME","Montenegro","HR","Croatia"
"ME","Montenegro","RS","Serbia"
"MF","Saint Martin (French part)","SX","Sint Maarten (Dutch part)"
"MG","Madagascar","",""
"MH","Marshall Islands","",""
"MK","North Macedonia","AL","Albania"
"MK","North Macedonia","BG","Bulgaria"
"MK","North Macedonia","GR","Greece"
"MK","North Macedonia","RS","Serbia"
"ML","Mali","DZ","Algeria"
"ML","Mali","BF","Burkina Faso"
"ML","Mali","CI","Cote d'Ivoire"
"ML","Mali","GN","Guinea"
"ML","Mali","MR","Mauritania"
"ML","Mali","NE","Niger"
"ML","Mali","SN","Senegal"
"MM","Myanmar","BD","Bangladesh"
"MM","Myanmar","CN","China"
"MM","Myanmar","IN","India"
"MM","Myanmar","LA","Laos"
"MM","Myanmar","TH","Thailand"
"MN","Mongolia","CN","China"
"MN","Mongolia","RU","Russia"
"MO","Macao","CN","China"
"MP","Northern Mariana Islands","",""
"MQ","Martinique","",""
"MR","Mauritania","DZ","Algeria"
"MR","Mauritania","ML","Mali"
"MR","Mauritania","SN","Senegal"
"MR","Mauritania","EH","Western Sahara"
"MS","Montserrat","",""
"MT","Malta","",""
"MU","Mauritius","",""
"MV","Maldives","",""
"MW","Malawi","MZ","Mozambique"
"MW","Malawi","TZ","Tanzania"
"MW","Malawi","ZM","Zambia"
"MX","Mexico","BZ","Belize"
"MX","Mexico","GT","Guatemala"
"MX","Mexico","US","United States of America"
"MY","Malaysia","BN","Brunei Darussalam"
"MY","Malaysia","ID","Indonesia"
"MY","Malaysia","TH","Thailand"
"MZ","Mozambique","MW","Malawi"
"MZ","Mozambique","SZ","Eswatini"
"MZ","Mozambique","ZA","South Africa"
"MZ","Mozambique","TZ","Tanzania"
"MZ","Mozambique","ZM","Zambia"
"MZ","Mozambique","ZW","Zimbabwe"
"NA","Namibia","AO","Angola"
"NA","Namibia","BW","Botswana"
"NA","Namibia","ZA","South Africa"
"NA","Namibia","ZM","Zambia"
"NC","New Caledonia","",""
"NE","Niger","DZ","Algeria"
"NE","Niger","BJ","Benin"
"NE","Niger","BF","Burkina Faso"
"NE","Niger","TD","Chad"
"NE","Niger","LY","Libya"
"NE","Niger","ML","Mali"
"NE","Niger","NG","Nigeria"
"NF","Norfolk Island","",""
"NG","Nigeria","BJ","Benin"
"NG","Nigeria","CM","Cameroon"
"NG","Nigeria","TD","Chad"
"NG","Nigeria","NE","Niger"
"NI","Nicaragua","CR","Costa Rica"
"NI","Nicaragua","HN","Honduras"
"NL","Netherlands","BE","Belgium"
"NL","Netherlands","DE","Germany"
"NO","Norway","FI","Finland"
"NO","Norway","RU","Russia"
"NO","Norway","SE","Sweden"
"NP","Nepal","CN","China"
"NP","Nepal","IN","India"
"NR","Nauru","",""
"NU","Niue","",""
"NZ","New Zealand","",""
"OM","Oman","AE","United Arab Emirates"
"OM","Oman","SA","Saudi Arabia"
"OM","Oman","YE","Yemen"
"PA","Panama","CO","Colombia"
"PA","Panama","CR","Costa Rica"
"PE","Peru","BO","Bolivia"
"PE","Peru","BR","Brazil"
"PE","Peru","CL","Chile"
"PE","Peru","CO","Colombia"
"PE","Peru","EC","Ecuador"
"PF","French Polynesia","",""
"PG","Papua New Guinea","ID","Indonesia"
"PH","Philippines","",""
"PK","Pakistan","AF","Afghanistan"
"PK","Pakistan","CN","China"
"PK","Pakistan","IN","India"
"PK","Pakistan","IR","Iran"
"PL","Poland","BY","Belarus"
"PL","Poland","CZ","Czechia"
"PL","Poland","DE","Germany"
"PL","Poland","LT","Lithuania"
"PL","Poland","RU","Russia"
"PL","Poland","SK","Slovakia"
"PL","Poland","UA","Ukraine"
"PM","Saint Pierre and Miquelon","",""
"PN","Pitcairn","",""
"PR","Puerto Rico","",""
"PS","Palestine","EG","Egypt"
"PS","Palestine","IL","Israel"
"PS","Palestine","JO","Jordan"
"PT","Portugal","ES","Spain"
"PW","Palau","",""
"PY","Paraguay","AR","Argentina"
"PY","Paraguay","BO","Bolivia"
"PY","Paraguay","BR","Brazil"
"QA","Qatar","SA","Saudi Arabia"
"RE","Reunion","",""
"RO","Romania","BG","Bulgaria"
"RO","Romania","HU","Hungary"
"RO","Romania","MD","Moldova"
"RO","Romania","RS","Serbia"
"RO","Romania","UA","Ukraine"
"RS","Serbia","AL","Albania"
"RS","Serbia","BA","Bosnia and Herzegovina"
"RS","Serbia","BG","Bulgaria"
"RS","Serbia","HR","Croatia"
"RS","Serbia","HU","Hungary"
"RS","Serbia","ME","Montenegro"
"RS","Serbia","MK","North Macedonia"
"RS","Serbia","RO","Romania"
"RU","Russia","AZ","Azerbaijan"
"RU","Russia","BY","Belarus"
"RU","Russia","CN","China"
"RU","Russia","EE","Estonia"
"RU","Russia","FI","Finland"
"RU","Russia","GE","Georgia"
"RU","Russia","KZ","Kazakhstan"
"RU","Russia","KP","North Korea"
"RU","Russia","LV","Latvia"
"RU","Russia","LT","Lithuania"
"RU","Russia","MN","Mongolia"
"RU","Russia","NO","Norway"
"RU","Russia","PL","Poland"
"RU","Russia","UA","Ukraine"
"RU","Russia","US","United States of America"
"RW","Rwanda","BI","Burundi"
"RW","Rwanda","CD","Democratic Republic of the Congo"
"RW","Rwanda","TZ","Tanzania"
"RW","Rwanda","UG","Uganda"
"SA","Saudi Arabia","IQ","Iraq"
"SA","Saudi Arabia","JO","Jordan"
"SA","Saudi Arabia","KW","Kuwait"
"SA","Saudi Arabia","OM","Oman"
"SA","Saudi Arabia","QA","Qatar"
"SA","Saudi Arabia","AE","United Arab Emirates"
"SA","Saudi Arabia","YE","Yemen"
"SB","Solomon Islands","",""
"SC","Seychelles","",""
"SD","Sudan","CF","Central African Republic"
"SD","Sudan","TD","Chad"
"SD","Sudan","EG","Egypt"
"SD","Sudan","ET","Ethiopia"
"SD","Sudan","ER","Eritrea"
"SD","Sudan","LY","Libya"
"SD","Sudan","SS","South Sudan"
"SE","Sweden","FI","Finland"
"SE","Sweden","NO","Norway"
"SG","Singapore","",""
"SH","Saint Helena, Ascension and Tristan da Cunha","",""
"SI","Slovenia","AT","Austria"
"SI","Slovenia","HR","Croatia"
"SI","Slovenia","HU","Hungary"
"SI","Slovenia","IT","Italy"
"SJ","Svalbard and Jan Mayen","",""
"SK","Slovakia","AT","Austria"
"SK","Slovakia","CZ","Czechia"
"SK","Slovakia","HU","Hungary"
"SK","Slovakia","PL","Poland"
"SK","Slovakia","UA","Ukraine"
"SL","Sierra Leone","GN","Guinea"
"SL","Sierra Leone","LR","Liberia"
"SM","San Marino","IT","Italy"
"SN","Senegal","GM","Gambia"
"SN","Senegal","GN","Guinea"
"SN","Senegal","GW","Guinea-Bissau"
"SN","Senegal","ML","Mali"
"SN","Senegal","MR","Mauritania"
"SO","Somalia","DJ","Djibouti"
"SO","Somalia","ET","Ethiopia"
"SO","Somalia","KE","Kenya"
"SR","Suriname","BR","Brazil"
"SR","Suriname","GF","French Guiana"
"SR","Suriname","GY","Guyana"
"SS","South Sudan","CF","Central African Republic"
"SS","South Sudan","CD","Democratic Republic of the Congo"
"SS","South Sudan","ET","Ethiopia"
"SS","South Sudan","KE","Kenya"
"SS","South Sudan","SD","Sudan"
"SS","South Sudan","UG","Uganda"
"ST","Sao Tome and Principe","",""
"SV","El Salvador","GT","Guatemala"
"SV","El Salvador","HN","Honduras"
"SX","Sint Maarten (Dutch part)","MF","Saint Martin (French part)"
"SY","Syria","IQ","Iraq"
"SY","Syria","IL","Israel"
"SY","Syria","JO","Jordan"
"SY","Syria","LB","Lebanon"
"SY","Syria","TR","Turkey"
"SZ","Eswatini","MZ","Mozambique"
"SZ","Eswatini","ZA","South Africa"
"TC","Turks and Caicos Islands","",""
"TD","Chad","CM","Cameroon"
"TD","Chad","CF","Central African Republic"
"TD","Chad","LY","Libya"
"TD","Chad","NE","Niger"
"TD","Chad","NG","Nigeria"
"TD","Chad","SD","Sudan"
"TF","French Southern Territories","",""
"TG","Togo","BJ","Benin"
"TG","Togo","BF","Burkina Faso"
"TG","Togo","GH","Ghana"
"TH","Thailand","KH","Cambodia"
"TH","Thailand","LA","Laos"
"TH","Thailand","MY","Malaysia"
"TH","Thailand","MM","Myanmar"
"TJ","Tajikistan","AF","Afghanistan"
"TJ","Tajikistan","CN","China"
"TJ","Tajikistan","KG","Kyrgyzstan"
"TJ","Tajikistan","UZ","Uzbekistan"
"TK","Tokelau","",""
"TL","Timor-Leste","ID","Indonesia"
"TM","Turkmenistan","AF","Afghanistan"
"TM","Turkmenistan","IR","Iran"
"TM","Turkmenistan","KZ","Kazakhstan"
"TM","Turkmenistan","UZ","Uzbekistan"
"TN","Tunisia","DZ","Algeria"
"TN","Tunisia","LY","Libya"
"TO","Tonga","",""
"TR","Turkey","AM","Armenia"
"TR","Turkey","AZ","Azerbaijan"
"TR","Turkey","BG","Bulgaria"
"TR","Turkey","GE","Georgia"
"TR","Turkey","GR","Greece"
"TR","Turkey","IR","Iran"
"TR","Turkey","IQ","Iraq"
"TR","Turkey","SY","Syria"
"TT","Trinidad and Tobago","",""
"TV","Tuvalu","",""
"TW","Taiwan","",""
"TZ","Tanzania","BI","Burundi"
"TZ","Tanzania","CD","Democratic Republic of the Congo"
"TZ","Tanzania","KE","Kenya"
"TZ","Tanzania","MW","Malawi"
"TZ","Tanzania","MZ","Mozambique"
"TZ","Tanzania","RW","Rwanda"
"TZ","Tanzania","UG","Uganda"
"TZ","Tanzania","ZM","Zambia"
"UA","Ukraine","BY","Belarus"
"UA","Ukraine","HU","Hungary"
"UA","Ukraine","MD","Moldova"
"UA","Ukraine","PL","Poland"
"UA","Ukraine","RO","Romania"
"UA","Ukraine","RU","Russia"
"UA","Ukraine","SK","Slovakia"
"UG","Uganda","CD","Democratic Republic of the Congo"
"UG","Uganda","KE","Kenya"
"UG","Uganda","RW","Rwanda"
"UG","Uganda","SS","South Sudan"
"UG","Uganda","TZ","Tanzania"
"UM","United States Minor Outlying Islands","",""
"US","United States of America","CA","Canada"
"US","United States of America","MX","Mexico"
"US","United States of America","RU","Russia"
"UY","Uruguay","AR","Argentina"
"UY","Uruguay","BR","Brazil"
"UZ","Uzbekistan","AF","Afghanistan"
"UZ","Uzbekistan","KZ","Kazakhstan"
"UZ","Uzbekistan","KG","Kyrgyzstan"
"UZ","Uzbekistan","TJ","Tajikistan"
"UZ","Uzbekistan","TM","Turkmenistan"
"VA","Holy See","IT","Italy"
"VC","Saint Vincent and the Grenadines","",""
"VE","Venezuela","BR","Brazil"
"VE","Venezuela","CO","Colombia"
"VE","Venezuela","GY","Guyana"
"VG","Virgin Islands (British)","",""
"VI","Virgin Islands (U.S.)","",""
"VN","Vietnam","KH","Cambodia"
"VN","Vietnam","CN","China"
"VN","Vietnam","LA","Laos"
"VU","Vanuatu","",""
"WF","Wallis and Futuna","",""
"WS","Samoa","",""
"YE","Yemen","OM","Oman"
"YE","Yemen","SA","Saudi Arabia"
"YT","Mayotte","",""
"ZA","South Africa","BW","Botswana"
"ZA","South Africa","LS","Lesotho"
"ZA","South Africa","MZ","Mozambique"
"ZA","South Africa","NA","Namibia"
"ZA","South Africa","SZ","Eswatini"
"ZA","South Africa","ZW","Zimbabwe"
"ZM","Zambia","AO","Angola"
"ZM","Zambia","BW","Botswana"
"ZM","Zambia","CD","Democratic Republic of the Congo"
"ZM","Zambia","MW","Malawi"
"ZM","Zambia","MZ","Mozambique"
"ZM","Zambia","NA","Namibia"
"ZM","Zambia","TZ","Tanzania"
"ZM","Zambia","ZW","Zimbabwe"
"ZW","Zimbabwe","BW","Botswana"
"ZW","Zimbabwe","MZ","Mozambique"
"ZW","Zimbabwe","ZA","South Africa"
"ZW","Zimbabwe","ZM","Zambia"
"AG","Antigua and Barbuda","KN","Saint Kitts and Nevis"
"AG","Antigua and Barbuda","MS","Montserrat"
"AI","Anguilla","MF","Saint Martin (French part)"
"AI","Anguilla","VG","Virgin Islands (British)"
"AI","Anguilla","BL","Saint Barthelemy"
"AI","Anguilla","KN","Saint Kitts and Nevis"
"AQ","Antarctica","AR","Argentina"
"AQ","Antarctica","AU","Australia"
"AQ","Antarctica","CL","Chile"
"AQ","Antarctica","GS","South Georgia and the South Sandwich Islands"
"AQ","Antarctica","TF","French Southern Territories"
"AQ","Antarctica","ZA","South Africa"
"AR","Argentina","AQ","Antarctica"
"AR","Argentina","FK","Falkland Islands (Malvinas)"
"AS","American Samoa","WS","Samoa"
"AU","Australia","AQ","Antarctica"
"AU","Australia","CC","Cocos (Keeling) Islands"
"AU","Australia","CX","Christmas Island"
"AU","Australia","ID","Indonesia"
"AU","Australia","NC","New Caledonia"
"AU","Australia","NF","Norfolk Island"
"AU","Australia","NZ","New Zealand"
"AU","Australia","PG","Papua New Guinea"
"AW","Aruba","BQ","Bonaire, Sint Eustatius and Saba"
"AW","Aruba","CW","Curacao"
"AW","Aruba","VE","Venezuela"
"AX","Aland Islands","FI","Finland"
"AX","Aland Islands","SE","Sweden"
"BB","Barbados","LC","Saint Lucia"
"BB","Barbados","TT","Trinidad and Tobago"
"BB","Barbados","VC","Saint Vincent and the Grenadines"
"BH","Bahrain","SA","Saudi Arabia"
"BL","Saint Barthelemy","AI","Anguilla"
"BL","Saint Barthelemy","GP","Guadeloupe"
"BL","Saint Barthelemy","MF","Saint Martin (French part)"
"BM","Bermuda","US","United States of America"
"BQ","Bonaire, Sint Eustatius and Saba","AW","Aruba"
"BQ","Bonaire, Sint Eustatius and Saba","CW","Curacao"
"BQ","Bonaire, Sint Eustatius and Saba","VE","Venezuela"
"BS","Bahamas","CU","Cuba"
"BS","Bahamas","TC","Turks and Caicos Islands"
"BS","Bahamas","US","United States of America"
"BV","Bouvet Island","ZA","South Africa"
"CA","Canada","GL","Greenland"
"CA","Canada","PM","Saint Pierre and Miquelon"
"CC","Cocos (Keeling) Islands","AU","Australia"
"CK","Cook Islands","NU","Niue"
"CK","Cook Islands","PF","French Polynesia"
"CL","Chile","AQ","Antarctica"
"CU","Cuba","BS","Bahamas"
"CU","Cuba","HT","Haiti"
"CU","Cuba","JM","Jamaica"
"CU","Cuba","KY","Cayman Islands"
"CU","Cuba","US","United States of America"
"CV","Cabo Verde","SN","Senegal"
"CW","Curacao","AW","Aruba"
"CW","Curacao","BQ","Bonaire, Sint Eustatius and Saba"
"CW","Curacao","VE","Venezuela"
"CX","Christmas Island","AU","Australia"
"CY","Cyprus","GR","Greece"
"CY","Cyprus","TR","Turkey"
"DK","Denmark","FO","Faroe Islands"
"DK","Denmark","GL","Greenland"
"DM","Dominica","GP","Guadeloupe"
"DM","Dominica","MQ","Martinique"
"DO","Dominican Republic","PR","Puerto Rico"
"FI","Finland","AX","Aland Islands"
"FJ","Fiji","TO","Tonga"
"FJ","Fiji","TV","Tuvalu"
"FJ","Fiji","VU","Vanuatu"
"FJ","Fiji","WF","Wallis and Futuna"
"FK","Falkland Islands (Malvinas)","AR","Argentina"
"FK","Falkland Islands (Malvinas)","GS","South Georgia and the South Sandwich Islands"
"FM","Micronesia (Federated States of)","MH","Marshall Islands"
"FM","Micronesia (Federated States of)","PW","Palau"
"FO","Faroe Islands","DK","Denmark"
"FO","Faroe Islands","GB","United Kingdom"
"FO","Faroe Islands","IS","Iceland"
"FR","France","GG","Guernsey"
"FR","France","JE","Jersey"
"GB","United Kingdom","FO","Faroe Islands"
"GB","United Kingdom","GG","Guernsey"
"GB","United Kingdom","IM","Isle of Man"
"GB","United Kingdom","JE","Jersey"
"GD","Grenada","TT","Trinidad and Tobago"
"GD","Grenada","VC","Saint Vincent and the Grenadines"
"GG","Guernsey","FR","France"
"GG","Guernsey","GB","United Kingdom"
"GL","Greenland","CA","Canada"
"GL","Greenland","DK","Denmark"
"GL","Greenland","IS","Iceland"
"GP","Guadeloupe","BL","Saint Barthelemy"
"GP","Guadeloupe","DM","Dominica"
"GP","Guadeloupe","MS","Montserrat"
"GQ","Equatorial Guinea","ST","Sao Tome and Principe"
"GR","Greece","CY","Cyprus"
"GS","South Georgia and the South Sandwich Islands","AQ","Antarctica"
"GS","South Georgia and the South Sandwich Islands","FK","Falkland Islands (Malvinas)"
"GU","Guam","MP","Northern Mariana Islands"
"GU","Guam","PH","Philippines"
"GU","Guam","UM","United States Minor Outlying Islands"
"HM","Heard Island and McDonald Islands","AQ","Antarctica"
"HT","Haiti","CU","Cuba"
"HT","Haiti","JM","Jamaica"
"HT","Haiti","TC","Turks and Caicos Islands"
"ID","Indonesia","AU","Australia"
"IE","Ireland","IM","Isle of Man"
"IM","Isle of Man","GB","United Kingdom"
"IM","Isle of Man","IE","Ireland"
"IN","India","LK","Sri Lanka"
"IN","India","MV","Maldives"
"IO","British Indian Ocean Territory","MV","Maldives"
"IS","Iceland","FO","Faroe Islands"
"IS","Iceland","GL","Greenland"
"IT","Italy","MT","Malta"
"JE","Jersey","FR","France"
"JE","Jersey","GB","United Kingdom"
"JM","Jamaica","CU","Cuba"
"JM","Jamaica","HT","Haiti"
"JM","Jamaica","KY","Cayman Islands"
"JP","Japan","KR","South Korea"
"JP","Japan","RU","Russia"
"KI","Kiribati","MH","Marshall Islands"
"KI","Kiribati","NR","Nauru"
"KI","Kiribati","TV","Tuvalu"
"KM","Comoros","MG","Madagascar"
"KM","Comoros","YT","Mayotte"
"KN","Saint Kitts and Nevis","AG","Antigua and Barbuda"
"KN","Saint Kitts and Nevis","AI","Anguilla"
"KR","South Korea","JP","Japan"
"KY","Cayman Islands","CU","Cuba"
"KY","Cayman Islands","JM","Jamaica"
"LC","Saint Lucia","BB","Barbados"
"LC","Saint Lucia","MQ","Martinique"
"LC","Saint Lucia","VC","Saint Vincent and the Grenadines"
"LK","Sri Lanka","IN","India"
"LK","Sri Lanka","MV","Maldives"
"MF","Saint Martin (French part)","AI","Anguilla"
"MF","Saint Martin (French part)","BL","Saint Barthelemy"
"MG","Madagascar","KM","Comoros"
"MG","Madagascar","MU","Mauritius"
"MG","Madagascar","MZ","Mozambique"
"MG","Madagascar","RE","Reunion"
"MG","Madagascar","SC","Seychelles"
"MG","Madagascar","YT","Mayotte"
"MH","Marshall Islands","FM","Micronesia (Federated States of)"
"MH","Marshall Islands","KI","Kiribati"
"MH","Marshall Islands","NR","Nauru"
"MH","Marshall Islands","UM","United States Minor Outlying Islands"
"MP","Northern Mariana Islands","GU","Guam"
"MP","Northern Mariana Islands","PW","Palau"
"MQ","Martinique","DM","Dominica"
"MQ","Martinique","LC","Saint Lucia"
"MS","Montserrat","AG","Antigua and Barbuda"
"MS","Montserrat","GP","Guadeloupe"
"MT","Malta","IT","Italy"
"MU","Mauritius","MG","Madagascar"
"MU","Mauritius","RE","Reunion"
"MV","Maldives","IN","India"
"MV","Maldives","IO","British Indian Ocean Territory"
"MV","Maldives","LK","Sri Lanka"
"MV","Maldives","SC","Seychelles"
"MZ","Mozambique","MG","Madagascar"
"NA","Namibia","SH","Saint Helena, Ascension and Tristan da Cunha"
"NC","New Caledonia","AU","Australia"
"NC","New Caledonia","NF","Norfolk Island"
"NC","New Caledonia","VU","Vanuatu"
"NF","Norfolk Island","AU","Australia"
"NF","Norfolk Island","NC","New Caledonia"
"NR","Nauru","KI","Kiribati"
"NR","Nauru","MH","Marshall Islands"
"NR","Nauru","TV","Tuvalu"
"NU","Niue","CK","Cook Islands"
"NU","Niue","TK","Tokelau"
"NU","Niue","TO","Tonga"
"NZ","New Zealand","AU","Australia"
"PF","French Polynesia","CK","Cook Islands"
"PF","French Polynesia","PN","Pitcairn"
"PG","Papua New Guinea","AU","Australia"
"PG","Papua New Guinea","SB","Solomon Islands"
"PH","Philippines","GU","Guam"
"PH","Philippines","MY","Malaysia"
"PH","Philippines","PW","Palau"
"PM","Saint Pierre and Miquelon","CA","Canada"
"PN","Pitcairn","PF","French Polynesia"
"PR","Puerto Rico","DO","Dominican Republic"
"PR","Puerto Rico","VI","Virgin Islands (U.S.)"
"PW","Palau","FM","Micronesia (Federated States of)"
"PW","Palau","MP","Northern Mariana Islands"
"PW","Palau","PH","Philippines"
"RE","Reunion","MG","Madagascar"
"RE","Reunion","MU","Mauritius"
"RE","Reunion","TF","French Southern Territories"
"RU","Russia","JP","Japan"
"SA","Saudi Arabia","BH","Bahrain"
"SB","Solomon Islands","PG","Papua New Guinea"
"SB","Solomon Islands","VU","Vanuatu"
"SC","Seychelles","MG","Madagascar"
"SC","Seychelles","MV","Maldives"
"SE","Sweden","AX","Aland Islands"
"SG","Singapore","MY","Malaysia"
"SH","Saint Helena, Ascension and Tristan da Cunha","NA","Namibia"
"SJ","Svalbard and Jan Mayen","NO","Norway"
"SN","Senegal","CV","Cabo Verde"
"ST","Sao Tome and Principe","CM","Cameroon"
"ST","Sao Tome and Principe","GQ","Equatorial Guinea"
"TC","Turks and Caicos Islands","BS","Bahamas"
"TC","Turks and Caicos Islands","HT","Haiti"
"TF","French Southern Territories","AQ","Antarctica"
"TF","French Southern Territories","RE","Reunion"
"TK","Tokelau","NU","Niue"
"TK","Tokelau","WS","Samoa"
"TO","Tonga","FJ","Fiji"
"TO","Tonga","NU","Niue"
"TO","Tonga","WS","Samoa"
"TR","Turkey","CY","Cyprus"
"TT","Trinidad and Tobago","BB","Barbados"
"TT","Trinidad and Tobago","GD","Grenada"
"TT","Trinidad and Tobago","VE","Venezuela"
"TV","Tuvalu","FJ","Fiji"
"TV","Tuvalu","KI","Kiribati"
"TV","Tuvalu","NR","Nauru"
"TV","Tuvalu","WS","Samoa"
"TW","Taiwan","CN","China"
"CN","China","TW","Taiwan"
"UM","United States Minor Outlying Islands","GU","Guam"
"UM","United States Minor Outlying Islands","MH","Marshall Islands"
"US","United States of America","BM","Bermuda"
"US","United States of America","BS","Bahamas"
"US","United States of America","CU","Cuba"
"VC","Saint Vincent and the Grenadines","BB","Barbados"
"VC","Saint Vincent and the Grenadines","GD","Grenada"
"VC","Saint Vincent and the Grenadines","LC","Saint Lucia"
"VE","Venezuela","AW","Aruba"
"VE","Venezuela","BQ","Bonaire, Sint Eustatius and Saba"
"VE","Venezuela","CW","Curacao"
"VE","Venezuela","TT","Trinidad and Tobago"
"VG","Virgin Islands (British)","AI","Anguilla"
"VG","Virgin Islands (British)","VI","Virgin Islands (U.S.)"
"VI","Virgin Islands (U.S.)","PR","Puerto Rico"
"VI","Virgin Islands (U.S.)","VG","Virgin Islands (British)"
"VU","Vanuatu","FJ","Fiji"
"VU","Vanuatu","NC","New Caledonia"
"VU","Vanuatu","SB","Solomon Islands"
"WF","Wallis and Futuna","FJ","Fiji"
"WF","Wallis and Futuna","WS","Samoa"
"WS","Samoa","AS","American Samoa"
"WS","Samoa","TK","Tokelau"
"WS","Samoa","TO","Tonga"
"WS","Samoa","TV","Tuvalu"
"WS","Samoa","WF","Wallis and Futuna"
"YT","Mayotte","KM","Comoros"
"YT","Mayotte","MG","Madagascar"
"ZA","South Africa","AQ","Antarctica"
"ZA","South Africa","BV","Bouvet Island"
